"source","target","ligand","receptor","prob","pval","interaction_name","interaction_name_2","pathway_name","annotation","evidence"
"FCAR+ Macrophage cells","FCAR+ Macrophage cells","ADGRE5","CD55",0.0163827025136366,0,"ADGRE5_CD55","ADGRE5 - CD55","ADGRE5","Cell-Cell Contact","PMID: 11297558"
"FCGR3A+ Macrophage cells","FCAR+ Macrophage cells","ADGRE5","CD55",0.00137324991216181,0,"ADGRE5_CD55","ADGRE5 - CD55","ADGRE5","Cell-Cell Contact","PMID: 11297558"
"FCAR+ Macrophage cells","FCGR3A+ Macrophage cells","ADGRE5","CD55",0.000673605673184108,0,"ADGRE5_CD55","ADGRE5 - CD55","ADGRE5","Cell-Cell Contact","PMID: 11297558"
"FCGR3A+ Macrophage cells","FCGR3A+ Macrophage cells","ADGRE5","CD55",5.67643546683794e-05,0,"ADGRE5_CD55","ADGRE5 - CD55","ADGRE5","Cell-Cell Contact","PMID: 11297558"
"Natural killer cells","Natural killer cells","ALCAM","CD6",7.53172558722433e-05,0,"ALCAM_CD6","ALCAM - CD6","ALCAM","Cell-Cell Contact","KEGG: hsa04514"
"FCAR+ Macrophage cells","FCAR+ Macrophage cells","APP","CD74",0.0040121939329281,0,"APP_CD74","APP - CD74","APP","Cell-Cell Contact","PMID: 19849849"
"FCGR3A+ Macrophage cells","FCAR+ Macrophage cells","APP","CD74",4.61776838026152e-07,0,"APP_CD74","APP - CD74","APP","Cell-Cell Contact","PMID: 19849849"
"Natural killer cells","FCAR+ Macrophage cells","APP","CD74",3.49618880737961e-06,0,"APP_CD74","APP - CD74","APP","Cell-Cell Contact","PMID: 19849849"
"FCAR+ Macrophage cells","FCGR3A+ Macrophage cells","APP","CD74",0.000272057334765968,0,"APP_CD74","APP - CD74","APP","Cell-Cell Contact","PMID: 19849849"
"FCGR3A+ Macrophage cells","FCGR3A+ Macrophage cells","APP","CD74",3.13252448674986e-08,0,"APP_CD74","APP - CD74","APP","Cell-Cell Contact","PMID: 19849849"
"Natural killer cells","FCGR3A+ Macrophage cells","APP","CD74",2.37168651836885e-07,0.02,"APP_CD74","APP - CD74","APP","Cell-Cell Contact","PMID: 19849849"
"FCAR+ Macrophage cells","Natural killer cells","APP","CD74",0.00101102867668597,0,"APP_CD74","APP - CD74","APP","Cell-Cell Contact","PMID: 19849849"
"Natural killer cells","FCAR+ Macrophage cells","CD22","PTPRC",1.3902006840968e-05,0,"CD22_PTPRC","CD22 - PTPRC","CD22","Cell-Cell Contact","KEGG: hsa04514"
"FCAR+ Macrophage cells","FCGR3A+ Macrophage cells","CD22","PTPRC",9.934488555306e-07,0,"CD22_PTPRC","CD22 - PTPRC","CD22","Cell-Cell Contact","KEGG: hsa04514"
"Natural killer cells","FCGR3A+ Macrophage cells","CD22","PTPRC",1.02045427507231e-06,0,"CD22_PTPRC","CD22 - PTPRC","CD22","Cell-Cell Contact","KEGG: hsa04514"
"Natural killer cells","Natural killer cells","CD22","PTPRC",6.83975568076407e-06,0,"CD22_PTPRC","CD22 - PTPRC","CD22","Cell-Cell Contact","KEGG: hsa04514"
"FCAR+ Macrophage cells","FCAR+ Macrophage cells","FCER2","ITGAM_ITGB2",7.59903777430779e-06,0,"FCER2A_ITGAM_ITGB2","FCER2A - (ITGAM+ITGB2)","CD23","Cell-Cell Contact","PMID: 7621072"
"FCGR3A+ Macrophage cells","FCAR+ Macrophage cells","FCER2","ITGAM_ITGB2",5.11498965114448e-07,0,"FCER2A_ITGAM_ITGB2","FCER2A - (ITGAM+ITGB2)","CD23","Cell-Cell Contact","PMID: 7621072"
"Natural killer cells","FCAR+ Macrophage cells","FCER2","ITGAM_ITGB2",2.5049073883654e-06,0,"FCER2A_ITGAM_ITGB2","FCER2A - (ITGAM+ITGB2)","CD23","Cell-Cell Contact","PMID: 7621072"
"FCAR+ Macrophage cells","FCGR3A+ Macrophage cells","FCER2","ITGAM_ITGB2",2.63528980720589e-07,0,"FCER2A_ITGAM_ITGB2","FCER2A - (ITGAM+ITGB2)","CD23","Cell-Cell Contact","PMID: 7621072"
"FCGR3A+ Macrophage cells","FCGR3A+ Macrophage cells","FCER2","ITGAM_ITGB2",1.77384090514717e-08,0,"FCER2A_ITGAM_ITGB2","FCER2A - (ITGAM+ITGB2)","CD23","Cell-Cell Contact","PMID: 7621072"
"FCAR+ Macrophage cells","FCAR+ Macrophage cells","FCER2","ITGAX_ITGB2",1.14666562020519e-05,0,"FCER2A_ITGAX_ITGB2","FCER2A - (ITGAX+ITGB2)","CD23","Cell-Cell Contact","PMID: 7621072"
"FCGR3A+ Macrophage cells","FCAR+ Macrophage cells","FCER2","ITGAX_ITGB2",7.71832052233754e-07,0,"FCER2A_ITGAX_ITGB2","FCER2A - (ITGAX+ITGB2)","CD23","Cell-Cell Contact","PMID: 7621072"
"FCAR+ Macrophage cells","FCGR3A+ Macrophage cells","FCER2","ITGAX_ITGB2",8.14988097913015e-07,0,"FCER2A_ITGAX_ITGB2","FCER2A - (ITGAX+ITGB2)","CD23","Cell-Cell Contact","PMID: 7621072"
"FCGR3A+ Macrophage cells","FCGR3A+ Macrophage cells","FCER2","ITGAX_ITGB2",5.48576563780077e-08,0,"FCER2A_ITGAX_ITGB2","FCER2A - (ITGAX+ITGB2)","CD23","Cell-Cell Contact","PMID: 7621072"
"FCAR+ Macrophage cells","FCAR+ Macrophage cells","CD40LG","CD40",4.22017235213942e-10,0,"CD40LG_CD40","CD40LG - CD40","CD40","Cell-Cell Contact","KEGG: hsa04514"
"FCGR3A+ Macrophage cells","FCAR+ Macrophage cells","CD40LG","CD40",2.83877088552559e-11,0,"CD40LG_CD40","CD40LG - CD40","CD40","Cell-Cell Contact","KEGG: hsa04514"
"FCAR+ Macrophage cells","FCGR3A+ Macrophage cells","CD40LG","CD40",2.83877088552559e-11,0,"CD40LG_CD40","CD40LG - CD40","CD40","Cell-Cell Contact","KEGG: hsa04514"
"FCGR3A+ Macrophage cells","FCGR3A+ Macrophage cells","CD40LG","CD40",1.90954763646443e-12,0,"CD40LG_CD40","CD40LG - CD40","CD40","Cell-Cell Contact","KEGG: hsa04514"
"FCGR3A+ Macrophage cells","FCAR+ Macrophage cells","PTPRC","CD22",9.934488555306e-07,0,"PTPRC_CD22","PTPRC - CD22","CD45","Cell-Cell Contact","PMID: 12115612"
"FCAR+ Macrophage cells","Natural killer cells","PTPRC","CD22",1.3902006840968e-05,0,"PTPRC_CD22","PTPRC - CD22","CD45","Cell-Cell Contact","PMID: 12115612"
"FCGR3A+ Macrophage cells","Natural killer cells","PTPRC","CD22",1.02045427507231e-06,0,"PTPRC_CD22","PTPRC - CD22","CD45","Cell-Cell Contact","PMID: 12115612"
"Natural killer cells","Natural killer cells","PTPRC","CD22",6.83975568076407e-06,0,"PTPRC_CD22","PTPRC - CD22","CD45","Cell-Cell Contact","PMID: 12115612"
"FCAR+ Macrophage cells","FCAR+ Macrophage cells","CD46","JAG1",2.18501721355503e-06,0,"CD46_JAG1","CD46 - JAG1","CD46","Cell-Cell Contact","PMID: 23086448"
"FCGR3A+ Macrophage cells","FCAR+ Macrophage cells","CD46","JAG1",1.43070162619371e-07,0,"CD46_JAG1","CD46 - JAG1","CD46","Cell-Cell Contact","PMID: 23086448"
"FCAR+ Macrophage cells","FCGR3A+ Macrophage cells","CD46","JAG1",1.35697715278628e-07,0,"CD46_JAG1","CD46 - JAG1","CD46","Cell-Cell Contact","PMID: 23086448"
"FCGR3A+ Macrophage cells","FCGR3A+ Macrophage cells","CD46","JAG1",8.88519050108045e-09,0,"CD46_JAG1","CD46 - JAG1","CD46","Cell-Cell Contact","PMID: 23086448"
"FCGR3A+ Macrophage cells","FCAR+ Macrophage cells","CD48","CD244",3.44110479703838e-07,0,"CD48_CD244A","CD48 - CD244A","CD48","Cell-Cell Contact","PMID: 26697006"
"Natural killer cells","FCAR+ Macrophage cells","CD48","CD244",2.04695387909811e-06,0,"CD48_CD244A","CD48 - CD244A","CD48","Cell-Cell Contact","PMID: 26697006"
"FCAR+ Macrophage cells","FCGR3A+ Macrophage cells","CD48","CD244",2.22785725304904e-07,0,"CD48_CD244A","CD48 - CD244A","CD48","Cell-Cell Contact","PMID: 26697006"
"FCGR3A+ Macrophage cells","FCGR3A+ Macrophage cells","CD48","CD244",3.77158296980826e-08,0,"CD48_CD244A","CD48 - CD244A","CD48","Cell-Cell Contact","PMID: 26697006"
"Natural killer cells","FCGR3A+ Macrophage cells","CD48","CD244",2.24354949389554e-07,0,"CD48_CD244A","CD48 - CD244A","CD48","Cell-Cell Contact","PMID: 26697006"
"FCGR3A+ Macrophage cells","Natural killer cells","CD48","CD244",1.479022083999e-07,0,"CD48_CD244A","CD48 - CD244A","CD48","Cell-Cell Contact","PMID: 26697006"
"Natural killer cells","Natural killer cells","CD6","ALCAM",7.53172558722433e-05,0,"CD6_ALCAM","CD6 - ALCAM","CD6","Cell-Cell Contact","PMID: 23602662"
"FCGR3A+ Macrophage cells","FCAR+ Macrophage cells","CD80","CD28",1.03951214384796e-08,0,"CD80_CD28","CD80 - CD28","CD80","Cell-Cell Contact","PMID: 23954143"
"FCAR+ Macrophage cells","FCGR3A+ Macrophage cells","CD80","CD28",6.91964531569449e-09,0,"CD80_CD28","CD80 - CD28","CD80","Cell-Cell Contact","PMID: 23954143"
"FCGR3A+ Macrophage cells","FCGR3A+ Macrophage cells","CD80","CD28",1.53793938538432e-09,0,"CD80_CD28","CD80 - CD28","CD80","Cell-Cell Contact","PMID: 23954143"
"FCGR3A+ Macrophage cells","Natural killer cells","CD80","CD28",9.91305899972888e-09,0,"CD80_CD28","CD80 - CD28","CD80","Cell-Cell Contact","PMID: 23954143"
"FCGR3A+ Macrophage cells","FCAR+ Macrophage cells","CD80","CTLA4",1.5209349358658e-07,0,"CD80_CTLA4","CD80 - CTLA4","CD80","Cell-Cell Contact","PMID: 23954143"
"FCAR+ Macrophage cells","FCGR3A+ Macrophage cells","CD80","CTLA4",1.55494460177067e-07,0,"CD80_CTLA4","CD80 - CTLA4","CD80","Cell-Cell Contact","PMID: 23954143"
"FCGR3A+ Macrophage cells","FCGR3A+ Macrophage cells","CD80","CTLA4",3.4559173081865e-08,0,"CD80_CTLA4","CD80 - CTLA4","CD80","Cell-Cell Contact","PMID: 23954143"
"FCGR3A+ Macrophage cells","FCAR+ Macrophage cells","CD86","CD28",3.73085286149848e-07,0,"CD86_CD28","CD86 - CD28","CD86","Cell-Cell Contact","PMID: 23954143"
"FCAR+ Macrophage cells","FCGR3A+ Macrophage cells","CD86","CD28",2.36835664789535e-07,0,"CD86_CD28","CD86 - CD28","CD86","Cell-Cell Contact","PMID: 23954143"
"FCGR3A+ Macrophage cells","FCGR3A+ Macrophage cells","CD86","CD28",5.51961558417158e-08,0,"CD86_CD28","CD86 - CD28","CD86","Cell-Cell Contact","PMID: 23954143"
"FCGR3A+ Macrophage cells","Natural killer cells","CD86","CD28",3.55781182195491e-07,0,"CD86_CD28","CD86 - CD28","CD86","Cell-Cell Contact","PMID: 23954143"
"FCGR3A+ Macrophage cells","FCAR+ Macrophage cells","CD86","CTLA4",5.45748305021416e-06,0,"CD86_CTLA4","CD86 - CTLA4","CD86","Cell-Cell Contact","PMID: 23954143"
"FCAR+ Macrophage cells","FCGR3A+ Macrophage cells","CD86","CTLA4",5.32085639425072e-06,0,"CD86_CTLA4","CD86 - CTLA4","CD86","Cell-Cell Contact","PMID: 23954143"
"FCGR3A+ Macrophage cells","FCGR3A+ Macrophage cells","CD86","CTLA4",1.23933478465238e-06,0,"CD86_CTLA4","CD86 - CTLA4","CD86","Cell-Cell Contact","PMID: 23954143"
"FCAR+ Macrophage cells","FCAR+ Macrophage cells","CD99","PILRA",0.0136840367727879,0,"CD99_PILRA","CD99 - PILRA","CD99","Cell-Cell Contact","PMID: 18234675"
"Natural killer cells","FCAR+ Macrophage cells","CD99","PILRA",0.0109211448668402,0,"CD99_PILRA","CD99 - PILRA","CD99","Cell-Cell Contact","PMID: 18234675"
"FCAR+ Macrophage cells","FCGR3A+ Macrophage cells","CD99","PILRA",0.00175641285509622,0,"CD99_PILRA","CD99 - PILRA","CD99","Cell-Cell Contact","PMID: 18234675"
"Natural killer cells","FCGR3A+ Macrophage cells","CD99","PILRA",0.00138929266970974,0,"CD99_PILRA","CD99 - PILRA","CD99","Cell-Cell Contact","PMID: 18234675"
"Natural killer cells","Natural killer cells","CD99","CD99",0.0118493805045557,0,"CD99_CD99","CD99 - CD99","CD99","Cell-Cell Contact","KEGG: hsa04514"
"FCAR+ Macrophage cells","FCAR+ Macrophage cells","CDH2","CDH2",5.80350123043299e-10,0,"CDH2_CDH2","CDH2 - CDH2","CDH","Cell-Cell Contact","KEGG: hsa04514"
"FCGR3A+ Macrophage cells","FCAR+ Macrophage cells","CDH2","CDH2",3.88487133713701e-11,0,"CDH2_CDH2","CDH2 - CDH2","CDH","Cell-Cell Contact","KEGG: hsa04514"
"Natural killer cells","FCAR+ Macrophage cells","CDH2","CDH2",3.83153230478716e-10,0,"CDH2_CDH2","CDH2 - CDH2","CDH","Cell-Cell Contact","KEGG: hsa04514"
"FCAR+ Macrophage cells","FCGR3A+ Macrophage cells","CDH2","CDH2",3.88487133713701e-11,0,"CDH2_CDH2","CDH2 - CDH2","CDH","Cell-Cell Contact","KEGG: hsa04514"
"FCGR3A+ Macrophage cells","FCGR3A+ Macrophage cells","CDH2","CDH2",2.6005379695543e-12,0,"CDH2_CDH2","CDH2 - CDH2","CDH","Cell-Cell Contact","KEGG: hsa04514"
"Natural killer cells","FCGR3A+ Macrophage cells","CDH2","CDH2",2.56483275132609e-11,0,"CDH2_CDH2","CDH2 - CDH2","CDH","Cell-Cell Contact","KEGG: hsa04514"
"FCAR+ Macrophage cells","Natural killer cells","CDH2","CDH2",3.83153230478716e-10,0,"CDH2_CDH2","CDH2 - CDH2","CDH","Cell-Cell Contact","KEGG: hsa04514"
"FCGR3A+ Macrophage cells","Natural killer cells","CDH2","CDH2",2.56483275132609e-11,0,"CDH2_CDH2","CDH2 - CDH2","CDH","Cell-Cell Contact","KEGG: hsa04514"
"Natural killer cells","Natural killer cells","CDH2","CDH2",2.52961776343573e-10,0,"CDH2_CDH2","CDH2 - CDH2","CDH","Cell-Cell Contact","KEGG: hsa04514"
"FCAR+ Macrophage cells","FCAR+ Macrophage cells","CDH5","CDH5",3.1381793474604e-09,0,"CDH5_CDH5","CDH5 - CDH5","CDH5","Cell-Cell Contact","KEGG: hsa04514"
"Natural killer cells","Natural killer cells","CLEC2D","KLRB1",0.00145085549370839,0,"CLEC2D_KLRB1","CLEC2D - KLRB1","CLEC","Cell-Cell Contact","PMID: 24223577"
"FCAR+ Macrophage cells","Natural killer cells","CLEC2B","KLRB1",0.00776495344211584,0,"CLEC2B_KLRB1","CLEC2B - KLRB1","CLEC","Cell-Cell Contact","PMID: 24223577"
"FCGR3A+ Macrophage cells","Natural killer cells","CLEC2B","KLRB1",0.000895401004301677,0,"CLEC2B_KLRB1","CLEC2B - KLRB1","CLEC","Cell-Cell Contact","PMID: 24223577"
"Natural killer cells","Natural killer cells","CLEC2B","KLRB1",0.00506955247799195,0,"CLEC2B_KLRB1","CLEC2B - KLRB1","CLEC","Cell-Cell Contact","PMID: 24223577"
"FCAR+ Macrophage cells","Natural killer cells","CD69","KLRB1",0.00222225243920268,0,"CLEC2C_KLRB1","CLEC2C - KLRB1","CLEC","Cell-Cell Contact","PMID: 24223577"
"FCGR3A+ Macrophage cells","Natural killer cells","CD69","KLRB1",0.000145539997722414,0,"CLEC2C_KLRB1","CLEC2C - KLRB1","CLEC","Cell-Cell Contact","PMID: 24223577"
"Natural killer cells","Natural killer cells","CD69","KLRB1",0.012366877769426,0,"CLEC2C_KLRB1","CLEC2C - KLRB1","CLEC","Cell-Cell Contact","PMID: 24223577"
"Natural killer cells","FCAR+ Macrophage cells","EFNA1","EPHA2",4.34539112242071e-10,0,"EFNA1_EPHA2","EFNA1 - EPHA2","EPHA","Cell-Cell Contact","PMID: 15114347"
"Natural killer cells","FCGR3A+ Macrophage cells","EFNA1","EPHA2",2.86362701581541e-11,0,"EFNA1_EPHA2","EFNA1 - EPHA2","EPHA","Cell-Cell Contact","PMID: 15114347"
"FCAR+ Macrophage cells","Natural killer cells","EFNA1","EPHA2",4.58303156465949e-10,0,"EFNA1_EPHA2","EFNA1 - EPHA2","EPHA","Cell-Cell Contact","PMID: 15114347"
"FCGR3A+ Macrophage cells","Natural killer cells","EFNA1","EPHA2",3.06970036855734e-11,0,"EFNA1_EPHA2","EFNA1 - EPHA2","EPHA","Cell-Cell Contact","PMID: 15114347"
"Natural killer cells","Natural killer cells","EFNA1","EPHA2",4.41869196292255e-10,0,"EFNA1_EPHA2","EFNA1 - EPHA2","EPHA","Cell-Cell Contact","PMID: 15114347"
"Natural killer cells","FCAR+ Macrophage cells","EFNA1","EPHA4",5.24590169094191e-11,0,"EFNA1_EPHA4","EFNA1 - EPHA4","EPHA","Cell-Cell Contact","PMID: 15114347"
"FCAR+ Macrophage cells","FCGR3A+ Macrophage cells","EFNA1","EPHA4",4.25365542840587e-12,0,"EFNA1_EPHA4","EFNA1 - EPHA4","EPHA","Cell-Cell Contact","PMID: 15114347"
"FCGR3A+ Macrophage cells","FCGR3A+ Macrophage cells","EFNA1","EPHA4",2.84908525124274e-13,0,"EFNA1_EPHA4","EFNA1 - EPHA4","EPHA","Cell-Cell Contact","PMID: 15114347"
"Natural killer cells","FCGR3A+ Macrophage cells","EFNA1","EPHA4",4.10112669009973e-12,0,"EFNA1_EPHA4","EFNA1 - EPHA4","EPHA","Cell-Cell Contact","PMID: 15114347"
"FCAR+ Macrophage cells","Natural killer cells","EFNA1","EPHA4",3.91991685588034e-11,0,"EFNA1_EPHA4","EFNA1 - EPHA4","EPHA","Cell-Cell Contact","PMID: 15114347"
"Natural killer cells","Natural killer cells","EFNA1","EPHA4",3.7793554065e-11,0,"EFNA1_EPHA4","EFNA1 - EPHA4","EPHA","Cell-Cell Contact","PMID: 15114347"
"Natural killer cells","FCAR+ Macrophage cells","EFNA2","EPHA2",1.05772793599889e-09,0,"EFNA2_EPHA2","EFNA2 - EPHA2","EPHA","Cell-Cell Contact","PMID: 15114347"
"Natural killer cells","FCGR3A+ Macrophage cells","EFNA2","EPHA2",6.97046182385653e-11,0,"EFNA2_EPHA2","EFNA2 - EPHA2","EPHA","Cell-Cell Contact","PMID: 15114347"
"FCAR+ Macrophage cells","Natural killer cells","EFNA2","EPHA2",1.09742657391105e-09,0,"EFNA2_EPHA2","EFNA2 - EPHA2","EPHA","Cell-Cell Contact","PMID: 15114347"
"FCGR3A+ Macrophage cells","Natural killer cells","EFNA2","EPHA2",7.38471966328796e-11,0,"EFNA2_EPHA2","EFNA2 - EPHA2","EPHA","Cell-Cell Contact","PMID: 15114347"
"Natural killer cells","Natural killer cells","EFNA2","EPHA2",1.07557036656552e-09,0,"EFNA2_EPHA2","EFNA2 - EPHA2","EPHA","Cell-Cell Contact","PMID: 15114347"
"Natural killer cells","FCAR+ Macrophage cells","EFNA2","EPHA4",1.2769245910074e-10,0,"EFNA2_EPHA4","EFNA2 - EPHA4","EPHA","Cell-Cell Contact","PMID: 15114347"
"FCAR+ Macrophage cells","FCGR3A+ Macrophage cells","EFNA2","EPHA4",1.01855604740646e-11,0,"EFNA2_EPHA4","EFNA2 - EPHA4","EPHA","Cell-Cell Contact","PMID: 15114347"
"FCGR3A+ Macrophage cells","FCGR3A+ Macrophage cells","EFNA2","EPHA4",6.85399009937198e-13,0,"EFNA2_EPHA4","EFNA2 - EPHA4","EPHA","Cell-Cell Contact","PMID: 15114347"
"Natural killer cells","FCGR3A+ Macrophage cells","EFNA2","EPHA4",9.98270617637082e-12,0,"EFNA2_EPHA4","EFNA2 - EPHA4","EPHA","Cell-Cell Contact","PMID: 15114347"
"FCAR+ Macrophage cells","Natural killer cells","EFNA2","EPHA4",9.38640913954905e-11,0,"EFNA2_EPHA4","EFNA2 - EPHA4","EPHA","Cell-Cell Contact","PMID: 15114347"
"Natural killer cells","Natural killer cells","EFNA2","EPHA4",9.19947063605796e-11,0,"EFNA2_EPHA4","EFNA2 - EPHA4","EPHA","Cell-Cell Contact","PMID: 15114347"
"Natural killer cells","FCAR+ Macrophage cells","EFNA4","EPHA2",6.62659283713698e-10,0,"EFNA4_EPHA2","EFNA4 - EPHA2","EPHA","Cell-Cell Contact","PMID: 15114347"
"Natural killer cells","FCGR3A+ Macrophage cells","EFNA4","EPHA2",4.36694643508664e-11,0,"EFNA4_EPHA2","EFNA4 - EPHA2","EPHA","Cell-Cell Contact","PMID: 15114347"
"FCAR+ Macrophage cells","Natural killer cells","EFNA4","EPHA2",8.19265007063166e-10,0,"EFNA4_EPHA2","EFNA4 - EPHA2","EPHA","Cell-Cell Contact","PMID: 15114347"
"FCGR3A+ Macrophage cells","Natural killer cells","EFNA4","EPHA2",5.17169692413186e-11,0,"EFNA4_EPHA2","EFNA4 - EPHA2","EPHA","Cell-Cell Contact","PMID: 15114347"
"Natural killer cells","Natural killer cells","EFNA4","EPHA2",6.73837444530492e-10,0,"EFNA4_EPHA2","EFNA4 - EPHA2","EPHA","Cell-Cell Contact","PMID: 15114347"
"Natural killer cells","FCAR+ Macrophage cells","EFNA4","EPHA4",7.99984480607369e-11,0,"EFNA4_EPHA4","EFNA4 - EPHA4","EPHA","Cell-Cell Contact","PMID: 15114347"
"FCAR+ Macrophage cells","FCGR3A+ Macrophage cells","EFNA4","EPHA4",7.60385565884473e-12,0,"EFNA4_EPHA4","EFNA4 - EPHA4","EPHA","Cell-Cell Contact","PMID: 15114347"
"FCGR3A+ Macrophage cells","FCGR3A+ Macrophage cells","EFNA4","EPHA4",4.80001422965461e-13,0,"EFNA4_EPHA4","EFNA4 - EPHA4","EPHA","Cell-Cell Contact","PMID: 15114347"
"Natural killer cells","FCGR3A+ Macrophage cells","EFNA4","EPHA4",6.25409681365229e-12,0,"EFNA4_EPHA4","EFNA4 - EPHA4","EPHA","Cell-Cell Contact","PMID: 15114347"
"FCAR+ Macrophage cells","Natural killer cells","EFNA4","EPHA4",7.00726292216324e-11,0,"EFNA4_EPHA4","EFNA4 - EPHA4","EPHA","Cell-Cell Contact","PMID: 15114347"
"Natural killer cells","Natural killer cells","EFNA4","EPHA4",5.76340513029652e-11,0,"EFNA4_EPHA4","EFNA4 - EPHA4","EPHA","Cell-Cell Contact","PMID: 15114347"
"Natural killer cells","FCAR+ Macrophage cells","EFNA5","EPHA2",7.69256681730096e-10,0,"EFNA5_EPHA2","EFNA5 - EPHA2","EPHA","Cell-Cell Contact","PMID: 15114347"
"Natural killer cells","FCGR3A+ Macrophage cells","EFNA5","EPHA2",5.06942678764177e-11,0,"EFNA5_EPHA2","EFNA5 - EPHA2","EPHA","Cell-Cell Contact","PMID: 15114347"
"FCAR+ Macrophage cells","Natural killer cells","EFNA5","EPHA2",7.98128418470235e-10,0,"EFNA5_EPHA2","EFNA5 - EPHA2","EPHA","Cell-Cell Contact","PMID: 15114347"
"FCGR3A+ Macrophage cells","Natural killer cells","EFNA5","EPHA2",5.37070521713372e-11,0,"EFNA5_EPHA2","EFNA5 - EPHA2","EPHA","Cell-Cell Contact","PMID: 15114347"
"Natural killer cells","Natural killer cells","EFNA5","EPHA2",7.82232995455386e-10,0,"EFNA5_EPHA2","EFNA5 - EPHA2","EPHA","Cell-Cell Contact","PMID: 15114347"
"Natural killer cells","FCAR+ Macrophage cells","EFNA5","EPHA4",9.28672429969836e-11,0,"EFNA5_EPHA4","EFNA5 - EPHA4","EPHA","Cell-Cell Contact","PMID: 15114347"
"FCAR+ Macrophage cells","FCGR3A+ Macrophage cells","EFNA5","EPHA4",7.40768034570199e-12,0,"EFNA5_EPHA4","EFNA5 - EPHA4","EPHA","Cell-Cell Contact","PMID: 15114347"
"FCGR3A+ Macrophage cells","FCGR3A+ Macrophage cells","EFNA5","EPHA4",4.98472007291198e-13,0,"EFNA5_EPHA4","EFNA5 - EPHA4","EPHA","Cell-Cell Contact","PMID: 15114347"
"Natural killer cells","FCGR3A+ Macrophage cells","EFNA5","EPHA4",7.2601499478165e-12,0,"EFNA5_EPHA4","EFNA5 - EPHA4","EPHA","Cell-Cell Contact","PMID: 15114347"
"FCAR+ Macrophage cells","Natural killer cells","EFNA5","EPHA4",6.82647937500784e-11,0,"EFNA5_EPHA4","EFNA5 - EPHA4","EPHA","Cell-Cell Contact","PMID: 15114347"
"Natural killer cells","Natural killer cells","EFNA5","EPHA4",6.69052410011408e-11,0,"EFNA5_EPHA4","EFNA5 - EPHA4","EPHA","Cell-Cell Contact","PMID: 15114347"
"FCAR+ Macrophage cells","FCAR+ Macrophage cells","EFNA5","EPHB2",1.42313070261548e-08,0,"EFNA5_EPHB2","EFNA5 - EPHB2","EPHA","Cell-Cell Contact","PMID:15107857; PMID: 15114347"
"FCGR3A+ Macrophage cells","FCAR+ Macrophage cells","EFNA5","EPHB2",9.5764231723317e-10,0,"EFNA5_EPHB2","EFNA5 - EPHB2","EPHA","Cell-Cell Contact","PMID:15107857; PMID: 15114347"
"Natural killer cells","FCAR+ Macrophage cells","EFNA5","EPHB2",1.39478778757687e-08,0,"EFNA5_EPHB2","EFNA5 - EPHB2","EPHA","Cell-Cell Contact","PMID:15107857; PMID: 15114347"
"FCAR+ Macrophage cells","FCGR3A+ Macrophage cells","EFNA5","EPHB2",7.85587325857868e-10,0,"EFNA5_EPHB2","EFNA5 - EPHB2","EPHA","Cell-Cell Contact","PMID:15107857; PMID: 15114347"
"FCGR3A+ Macrophage cells","FCGR3A+ Macrophage cells","EFNA5","EPHB2",5.28631464332387e-11,0,"EFNA5_EPHB2","EFNA5 - EPHB2","EPHA","Cell-Cell Contact","PMID:15107857; PMID: 15114347"
"Natural killer cells","FCGR3A+ Macrophage cells","EFNA5","EPHB2",7.69941657357254e-10,0,"EFNA5_EPHB2","EFNA5 - EPHB2","EPHA","Cell-Cell Contact","PMID:15107857; PMID: 15114347"
"FCGR3A+ Macrophage cells","FCAR+ Macrophage cells","EFNB2","EPHA4",2.27643997017231e-11,0,"EFNB2_EPHA4","EFNB2 - EPHA4","EPHB","Cell-Cell Contact","PMID: 15114347"
"FCAR+ Macrophage cells","FCGR3A+ Macrophage cells","EFNB2","EPHA4",1.86510492603382e-11,0,"EFNB2_EPHA4","EFNB2 - EPHA4","EPHB","Cell-Cell Contact","PMID: 15114347"
"FCGR3A+ Macrophage cells","FCGR3A+ Macrophage cells","EFNB2","EPHA4",1.77966901948943e-12,0,"EFNB2_EPHA4","EFNB2 - EPHA4","EPHB","Cell-Cell Contact","PMID: 15114347"
"Natural killer cells","FCGR3A+ Macrophage cells","EFNB2","EPHA4",1.08055409158539e-11,0,"EFNB2_EPHA4","EFNB2 - EPHA4","EPHB","Cell-Cell Contact","PMID: 15114347"
"FCAR+ Macrophage cells","Natural killer cells","EFNB2","EPHA4",1.71877021092986e-10,0,"EFNB2_EPHA4","EFNB2 - EPHA4","EPHB","Cell-Cell Contact","PMID: 15114347"
"FCGR3A+ Macrophage cells","Natural killer cells","EFNB2","EPHA4",1.64003754073327e-11,0,"EFNB2_EPHA4","EFNB2 - EPHA4","EPHB","Cell-Cell Contact","PMID: 15114347"
"FCAR+ Macrophage cells","FCAR+ Macrophage cells","EFNB2","EPHB2",3.58315665906191e-08,0,"EFNB2_EPHB2","EFNB2 - EPHB2","EPHB","Cell-Cell Contact","PMID: 15114347"
"FCGR3A+ Macrophage cells","FCAR+ Macrophage cells","EFNB2","EPHB2",3.41902083000571e-09,0,"EFNB2_EPHB2","EFNB2 - EPHB2","EPHB","Cell-Cell Contact","PMID: 15114347"
"Natural killer cells","FCAR+ Macrophage cells","EFNB2","EPHB2",2.07591250254201e-08,0,"EFNB2_EPHB2","EFNB2 - EPHB2","EPHB","Cell-Cell Contact","PMID: 15114347"
"FCAR+ Macrophage cells","FCGR3A+ Macrophage cells","EFNB2","EPHB2",1.97795078200438e-09,0,"EFNB2_EPHB2","EFNB2 - EPHB2","EPHB","Cell-Cell Contact","PMID: 15114347"
"FCGR3A+ Macrophage cells","FCGR3A+ Macrophage cells","EFNB2","EPHB2",1.88734560591173e-10,0,"EFNB2_EPHB2","EFNB2 - EPHB2","EPHB","Cell-Cell Contact","PMID: 15114347"
"FCAR+ Macrophage cells","FCAR+ Macrophage cells","EFNB2","EPHB4",5.06693534322147e-10,0,"EFNB2_EPHB4","EFNB2 - EPHB4","EPHB","Cell-Cell Contact","PMID: 15114347"
"FCGR3A+ Macrophage cells","FCAR+ Macrophage cells","EFNB2","EPHB4",4.83483139501597e-11,0,"EFNB2_EPHB4","EFNB2 - EPHB4","EPHB","Cell-Cell Contact","PMID: 15114347"
"FCAR+ Macrophage cells","FCGR3A+ Macrophage cells","EFNB2","EPHB4",4.83483139501594e-11,0,"EFNB2_EPHB4","EFNB2 - EPHB4","EPHB","Cell-Cell Contact","PMID: 15114347"
"FCGR3A+ Macrophage cells","FCGR3A+ Macrophage cells","EFNB2","EPHB4",4.61335956106108e-12,0,"EFNB2_EPHB4","EFNB2 - EPHB4","EPHB","Cell-Cell Contact","PMID: 15114347"
"Natural killer cells","FCGR3A+ Macrophage cells","EFNB2","EPHB4",2.80107396311868e-11,0,"EFNB2_EPHB4","EFNB2 - EPHB4","EPHB","Cell-Cell Contact","PMID: 15114347"
"FCGR3A+ Macrophage cells","Natural killer cells","EFNB2","EPHB4",2.80107396311868e-11,0,"EFNB2_EPHB4","EFNB2 - EPHB4","EPHB","Cell-Cell Contact","PMID: 15114347"
"FCAR+ Macrophage cells","FCAR+ Macrophage cells","GP1BA","ITGAM_ITGB2",2.77908526104281e-05,0,"GP1BA_ITGAM_ITGB2","GP1BA - (ITGAM+ITGB2)","GP1BA","Cell-Cell Contact","PMC2194217"
"FCGR3A+ Macrophage cells","FCAR+ Macrophage cells","GP1BA","ITGAM_ITGB2",3.25687287891304e-06,0,"GP1BA_ITGAM_ITGB2","GP1BA - (ITGAM+ITGB2)","GP1BA","Cell-Cell Contact","PMC2194217"
"Natural killer cells","FCAR+ Macrophage cells","GP1BA","ITGAM_ITGB2",1.19104685613977e-05,0,"GP1BA_ITGAM_ITGB2","GP1BA - (ITGAM+ITGB2)","GP1BA","Cell-Cell Contact","PMC2194217"
"FCAR+ Macrophage cells","FCGR3A+ Macrophage cells","GP1BA","ITGAM_ITGB2",9.63793144313105e-07,0,"GP1BA_ITGAM_ITGB2","GP1BA - (ITGAM+ITGB2)","GP1BA","Cell-Cell Contact","PMC2194217"
"FCGR3A+ Macrophage cells","FCGR3A+ Macrophage cells","GP1BA","ITGAM_ITGB2",1.12952541324198e-07,0,"GP1BA_ITGAM_ITGB2","GP1BA - (ITGAM+ITGB2)","GP1BA","Cell-Cell Contact","PMC2194217"
"FCAR+ Macrophage cells","FCAR+ Macrophage cells","ICAM1","ITGAX_ITGB2",0.00976639261207445,0,"ICAM1_ITGAX_ITGB2","ICAM1 - (ITGAX+ITGB2)","ICAM","Cell-Cell Contact","PMID: 16252253"
"FCGR3A+ Macrophage cells","FCAR+ Macrophage cells","ICAM1","ITGAX_ITGB2",0.00063534032458968,0,"ICAM1_ITGAX_ITGB2","ICAM1 - (ITGAX+ITGB2)","ICAM","Cell-Cell Contact","PMID: 16252253"
"FCAR+ Macrophage cells","FCGR3A+ Macrophage cells","ICAM1","ITGAX_ITGB2",0.000692442350819876,0,"ICAM1_ITGAX_ITGB2","ICAM1 - (ITGAX+ITGB2)","ICAM","Cell-Cell Contact","PMID: 16252253"
"FCGR3A+ Macrophage cells","FCGR3A+ Macrophage cells","ICAM1","ITGAX_ITGB2",4.50467011287124e-05,0,"ICAM1_ITGAX_ITGB2","ICAM1 - (ITGAX+ITGB2)","ICAM","Cell-Cell Contact","PMID: 16252253"
"FCAR+ Macrophage cells","FCAR+ Macrophage cells","ICAM1","ITGAL_ITGB2",0.00603637179885731,0,"ICAM1_ITGAL_ITGB2","ICAM1 - (ITGAL+ITGB2)","ICAM","Cell-Cell Contact","KEGG: hsa04514"
"FCGR3A+ Macrophage cells","FCAR+ Macrophage cells","ICAM1","ITGAL_ITGB2",0.000392658728879186,0,"ICAM1_ITGAL_ITGB2","ICAM1 - (ITGAL+ITGB2)","ICAM","Cell-Cell Contact","KEGG: hsa04514"
"FCAR+ Macrophage cells","FCGR3A+ Macrophage cells","ICAM1","ITGAL_ITGB2",0.000604175928724331,0,"ICAM1_ITGAL_ITGB2","ICAM1 - (ITGAL+ITGB2)","ICAM","Cell-Cell Contact","KEGG: hsa04514"
"FCGR3A+ Macrophage cells","FCGR3A+ Macrophage cells","ICAM1","ITGAL_ITGB2",3.93034683235039e-05,0,"ICAM1_ITGAL_ITGB2","ICAM1 - (ITGAL+ITGB2)","ICAM","Cell-Cell Contact","KEGG: hsa04514"
"FCGR3A+ Macrophage cells","FCAR+ Macrophage cells","ICAM2","ITGAL_ITGB2",0.000505630169599736,0,"ICAM2_ITGAL_ITGB2","ICAM2 - (ITGAL+ITGB2)","ICAM","Cell-Cell Contact","KEGG: hsa04514"
"FCGR3A+ Macrophage cells","FCGR3A+ Macrophage cells","ICAM2","ITGAL_ITGB2",5.04731478738985e-05,0,"ICAM2_ITGAL_ITGB2","ICAM2 - (ITGAL+ITGB2)","ICAM","Cell-Cell Contact","KEGG: hsa04514"
"FCGR3A+ Macrophage cells","Natural killer cells","ICAM2","ITGAL_ITGB2",0.000171868409655188,0,"ICAM2_ITGAL_ITGB2","ICAM2 - (ITGAL+ITGB2)","ICAM","Cell-Cell Contact","KEGG: hsa04514"
"FCAR+ Macrophage cells","FCAR+ Macrophage cells","ICAM1","ITGAM_ITGB2",0.00653576058775066,0,"ICAM1_ITGAM_ITGB2","ICAM1 - (ITGAM+ITGB2)","ICAM","Cell-Cell Contact","KEGG: hsa04514"
"FCGR3A+ Macrophage cells","FCAR+ Macrophage cells","ICAM1","ITGAM_ITGB2",0.000425147689824429,0,"ICAM1_ITGAM_ITGB2","ICAM1 - (ITGAM+ITGB2)","ICAM","Cell-Cell Contact","KEGG: hsa04514"
"FCAR+ Macrophage cells","FCGR3A+ Macrophage cells","ICAM1","ITGAM_ITGB2",0.000228729747801421,0,"ICAM1_ITGAM_ITGB2","ICAM1 - (ITGAM+ITGB2)","ICAM","Cell-Cell Contact","KEGG: hsa04514"
"FCGR3A+ Macrophage cells","FCGR3A+ Macrophage cells","ICAM1","ITGAM_ITGB2",1.48778249314575e-05,0,"ICAM1_ITGAM_ITGB2","ICAM1 - (ITGAM+ITGB2)","ICAM","Cell-Cell Contact","KEGG: hsa04514"
"FCGR3A+ Macrophage cells","FCAR+ Macrophage cells","ICAM2","ITGAM_ITGB2",0.000547231716074632,0,"ICAM2_ITGAM_ITGB2","ICAM2 - (ITGAM+ITGB2)","ICAM","Cell-Cell Contact","KEGG: hsa04514"
"FCGR3A+ Macrophage cells","FCGR3A+ Macrophage cells","ICAM2","ITGAM_ITGB2",1.92002682428678e-05,0,"ICAM2_ITGAM_ITGB2","ICAM2 - (ITGAM+ITGB2)","ICAM","Cell-Cell Contact","KEGG: hsa04514"
"FCGR3A+ Macrophage cells","Natural killer cells","ICAM2","ITGAM_ITGB2",4.63085335948352e-07,0,"ICAM2_ITGAM_ITGB2","ICAM2 - (ITGAM+ITGB2)","ICAM","Cell-Cell Contact","KEGG: hsa04514"
"FCAR+ Macrophage cells","FCAR+ Macrophage cells","ICAM1","ITGAL",0.00291751810565718,0,"ICAM1_ITGAL","ICAM1 - ITGAL","ICAM","Cell-Cell Contact","PMID: 23602662"
"FCGR3A+ Macrophage cells","FCAR+ Macrophage cells","ICAM1","ITGAL",0.00018976900114392,0,"ICAM1_ITGAL","ICAM1 - ITGAL","ICAM","Cell-Cell Contact","PMID: 23602662"
"FCAR+ Macrophage cells","FCGR3A+ Macrophage cells","ICAM1","ITGAL",0.00044734537468892,0,"ICAM1_ITGAL","ICAM1 - ITGAL","ICAM","Cell-Cell Contact","PMID: 23602662"
"FCGR3A+ Macrophage cells","FCGR3A+ Macrophage cells","ICAM1","ITGAL",2.90997491246881e-05,0,"ICAM1_ITGAL","ICAM1 - ITGAL","ICAM","Cell-Cell Contact","PMID: 23602662"
"Natural killer cells","FCGR3A+ Macrophage cells","ICAM1","ITGAL",0.000105471682888148,0.01,"ICAM1_ITGAL","ICAM1 - ITGAL","ICAM","Cell-Cell Contact","PMID: 23602662"
"FCAR+ Macrophage cells","FCAR+ Macrophage cells","ICAM1","SPN",0.000951322840921336,0,"ICAM1_SPN","ICAM1 - SPN","ICAM","Cell-Cell Contact","PMID: 1683685"
"FCGR3A+ Macrophage cells","FCAR+ Macrophage cells","ICAM1","SPN",6.18760042228938e-05,0,"ICAM1_SPN","ICAM1 - SPN","ICAM","Cell-Cell Contact","PMID: 1683685"
"FCAR+ Macrophage cells","FCGR3A+ Macrophage cells","ICAM1","SPN",0.000378852315755126,0,"ICAM1_SPN","ICAM1 - SPN","ICAM","Cell-Cell Contact","PMID: 1683685"
"FCGR3A+ Macrophage cells","FCGR3A+ Macrophage cells","ICAM1","SPN",2.46437614897484e-05,0,"ICAM1_SPN","ICAM1 - SPN","ICAM","Cell-Cell Contact","PMID: 1683685"
"Natural killer cells","FCGR3A+ Macrophage cells","ICAM1","SPN",8.91434209756535e-05,0,"ICAM1_SPN","ICAM1 - SPN","ICAM","Cell-Cell Contact","PMID: 1683685"
"FCAR+ Macrophage cells","Natural killer cells","ICAM1","SPN",0.000621055586324105,0,"ICAM1_SPN","ICAM1 - SPN","ICAM","Cell-Cell Contact","PMID: 1683685"
"FCGR3A+ Macrophage cells","Natural killer cells","ICAM1","SPN",4.03947391786505e-05,0,"ICAM1_SPN","ICAM1 - SPN","ICAM","Cell-Cell Contact","PMID: 1683685"
"FCAR+ Macrophage cells","FCAR+ Macrophage cells","ITGB2","ICAM1",0.012366504519203,0,"ITGB2_ICAM1","ITGB2 - ICAM1","ITGB2","Cell-Cell Contact","KEGG: hsa04514"
"FCGR3A+ Macrophage cells","FCAR+ Macrophage cells","ITGB2","ICAM1",0.000813929018819624,0,"ITGB2_ICAM1","ITGB2 - ICAM1","ITGB2","Cell-Cell Contact","KEGG: hsa04514"
"FCAR+ Macrophage cells","FCGR3A+ Macrophage cells","ITGB2","ICAM1",0.000804529890151673,0,"ITGB2_ICAM1","ITGB2 - ICAM1","ITGB2","Cell-Cell Contact","KEGG: hsa04514"
"FCGR3A+ Macrophage cells","FCGR3A+ Macrophage cells","ITGB2","ICAM1",5.29519915073091e-05,0,"ITGB2_ICAM1","ITGB2 - ICAM1","ITGB2","Cell-Cell Contact","KEGG: hsa04514"
"FCAR+ Macrophage cells","FCGR3A+ Macrophage cells","ITGB2","ICAM2",0.00103039608022576,0,"ITGB2_ICAM2","ITGB2 - ICAM2","ITGB2","Cell-Cell Contact","KEGG: hsa04514"
"FCGR3A+ Macrophage cells","FCGR3A+ Macrophage cells","ITGB2","ICAM2",6.78143379460579e-05,0,"ITGB2_ICAM2","ITGB2 - ICAM2","ITGB2","Cell-Cell Contact","KEGG: hsa04514"
"Natural killer cells","FCGR3A+ Macrophage cells","ITGB2","ICAM2",0.000363166966605299,0,"ITGB2_ICAM2","ITGB2 - ICAM2","ITGB2","Cell-Cell Contact","KEGG: hsa04514"
"FCAR+ Macrophage cells","Natural killer cells","LCK","CD8 receptor",9.54527837754316e-06,0,"LCK_CD8A_CD8B1","LCK - (CD8A+CD8B1)","LCK","Cell-Cell Contact","PMID: 25427562"
"FCGR3A+ Macrophage cells","Natural killer cells","LCK","CD8 receptor",6.67680131541836e-07,0,"LCK_CD8A_CD8B1","LCK - (CD8A+CD8B1)","LCK","Cell-Cell Contact","PMID: 25427562"
"Natural killer cells","Natural killer cells","LCK","CD8 receptor",0.000211022255147326,0,"LCK_CD8A_CD8B1","LCK - (CD8A+CD8B1)","LCK","Cell-Cell Contact","PMID: 25427562"
"FCGR3A+ Macrophage cells","FCAR+ Macrophage cells","HLA-B","CD8A",0.000385513073890887,0,"HLA-B_CD8A","HLA-B - CD8A","MHC-I","Cell-Cell Contact","KEGG: hsa04514"
"FCGR3A+ Macrophage cells","FCGR3A+ Macrophage cells","HLA-B","CD8A",2.55113948567699e-05,0,"HLA-B_CD8A","HLA-B - CD8A","MHC-I","Cell-Cell Contact","KEGG: hsa04514"
"FCAR+ Macrophage cells","Natural killer cells","HLA-B","CD8A",0.00620009133180863,0,"HLA-B_CD8A","HLA-B - CD8A","MHC-I","Cell-Cell Contact","KEGG: hsa04514"
"FCGR3A+ Macrophage cells","Natural killer cells","HLA-B","CD8A",0.000425493710117028,0,"HLA-B_CD8A","HLA-B - CD8A","MHC-I","Cell-Cell Contact","KEGG: hsa04514"
"Natural killer cells","Natural killer cells","HLA-B","CD8A",0.00391119381971688,0,"HLA-B_CD8A","HLA-B - CD8A","MHC-I","Cell-Cell Contact","KEGG: hsa04514"
"FCGR3A+ Macrophage cells","FCAR+ Macrophage cells","HLA-C","CD8A",0.000377905756557012,0,"HLA-C_CD8A","HLA-C - CD8A","MHC-I","Cell-Cell Contact","KEGG: hsa04514"
"FCGR3A+ Macrophage cells","FCGR3A+ Macrophage cells","HLA-C","CD8A",2.50080703487206e-05,0,"HLA-C_CD8A","HLA-C - CD8A","MHC-I","Cell-Cell Contact","KEGG: hsa04514"
"FCAR+ Macrophage cells","Natural killer cells","HLA-C","CD8A",0.00569650945542982,0,"HLA-C_CD8A","HLA-C - CD8A","MHC-I","Cell-Cell Contact","KEGG: hsa04514"
"FCGR3A+ Macrophage cells","Natural killer cells","HLA-C","CD8A",0.000417198013939427,0,"HLA-C_CD8A","HLA-C - CD8A","MHC-I","Cell-Cell Contact","KEGG: hsa04514"
"Natural killer cells","Natural killer cells","HLA-C","CD8A",0.00381909382780151,0,"HLA-C_CD8A","HLA-C - CD8A","MHC-I","Cell-Cell Contact","KEGG: hsa04514"
"FCGR3A+ Macrophage cells","FCAR+ Macrophage cells","HLA-E","CD8A",0.000554759048193113,0,"HLA-E_CD8A","HLA-E - CD8A","MHC-I","Cell-Cell Contact","KEGG: hsa04514"
"Natural killer cells","FCAR+ Macrophage cells","HLA-E","CD8A",0.00466368121442356,0,"HLA-E_CD8A","HLA-E - CD8A","MHC-I","Cell-Cell Contact","KEGG: hsa04514"
"FCGR3A+ Macrophage cells","FCGR3A+ Macrophage cells","HLA-E","CD8A",3.67083035688297e-05,0,"HLA-E_CD8A","HLA-E - CD8A","MHC-I","Cell-Cell Contact","KEGG: hsa04514"
"Natural killer cells","FCGR3A+ Macrophage cells","HLA-E","CD8A",0.00030860776032332,0,"HLA-E_CD8A","HLA-E - CD8A","MHC-I","Cell-Cell Contact","KEGG: hsa04514"
"FCAR+ Macrophage cells","Natural killer cells","HLA-E","CD8A",0.00736763234652287,0,"HLA-E_CD8A","HLA-E - CD8A","MHC-I","Cell-Cell Contact","KEGG: hsa04514"
"FCGR3A+ Macrophage cells","Natural killer cells","HLA-E","CD8A",0.000609025929568786,0,"HLA-E_CD8A","HLA-E - CD8A","MHC-I","Cell-Cell Contact","KEGG: hsa04514"
"Natural killer cells","Natural killer cells","HLA-E","CD8A",0.00513395051551757,0,"HLA-E_CD8A","HLA-E - CD8A","MHC-I","Cell-Cell Contact","KEGG: hsa04514"
"FCGR3A+ Macrophage cells","FCAR+ Macrophage cells","HLA-F","CD8A",0.00024214359095326,0,"HLA-F_CD8A","HLA-F - CD8A","MHC-I","Cell-Cell Contact","KEGG: hsa04514"
"Natural killer cells","FCAR+ Macrophage cells","HLA-F","CD8A",0.00157096166819006,0,"HLA-F_CD8A","HLA-F - CD8A","MHC-I","Cell-Cell Contact","KEGG: hsa04514"
"FCGR3A+ Macrophage cells","FCGR3A+ Macrophage cells","HLA-F","CD8A",1.60249938134366e-05,0,"HLA-F_CD8A","HLA-F - CD8A","MHC-I","Cell-Cell Contact","KEGG: hsa04514"
"Natural killer cells","FCGR3A+ Macrophage cells","HLA-F","CD8A",0.000103970002688267,0,"HLA-F_CD8A","HLA-F - CD8A","MHC-I","Cell-Cell Contact","KEGG: hsa04514"
"FCAR+ Macrophage cells","Natural killer cells","HLA-F","CD8A",0.00240052756672159,0,"HLA-F_CD8A","HLA-F - CD8A","MHC-I","Cell-Cell Contact","KEGG: hsa04514"
"FCGR3A+ Macrophage cells","Natural killer cells","HLA-F","CD8A",0.000268475281449802,0,"HLA-F_CD8A","HLA-F - CD8A","MHC-I","Cell-Cell Contact","KEGG: hsa04514"
"Natural killer cells","Natural killer cells","HLA-F","CD8A",0.00174649482714192,0,"HLA-F_CD8A","HLA-F - CD8A","MHC-I","Cell-Cell Contact","KEGG: hsa04514"
"FCAR+ Macrophage cells","Natural killer cells","HLA-B","CD8B",0.00478830384582332,0,"HLA-B_CD8B","HLA-B - CD8B","MHC-I","Cell-Cell Contact","KEGG: hsa04514"
"FCGR3A+ Macrophage cells","Natural killer cells","HLA-B","CD8B",0.000328710325112138,0,"HLA-B_CD8B","HLA-B - CD8B","MHC-I","Cell-Cell Contact","KEGG: hsa04514"
"Natural killer cells","Natural killer cells","HLA-B","CD8B",0.00301992818567581,0,"HLA-B_CD8B","HLA-B - CD8B","MHC-I","Cell-Cell Contact","KEGG: hsa04514"
"FCAR+ Macrophage cells","Natural killer cells","HLA-C","CD8B",0.00439704357912046,0,"HLA-C_CD8B","HLA-C - CD8B","MHC-I","Cell-Cell Contact","KEGG: hsa04514"
"FCGR3A+ Macrophage cells","Natural killer cells","HLA-C","CD8B",0.000322258315099421,0,"HLA-C_CD8B","HLA-C - CD8B","MHC-I","Cell-Cell Contact","KEGG: hsa04514"
"Natural killer cells","Natural killer cells","HLA-C","CD8B",0.0029483749387638,0,"HLA-C_CD8B","HLA-C - CD8B","MHC-I","Cell-Cell Contact","KEGG: hsa04514"
"FCAR+ Macrophage cells","Natural killer cells","HLA-E","CD8B",0.00569703843013715,0,"HLA-E_CD8B","HLA-E - CD8B","MHC-I","Cell-Cell Contact","KEGG: hsa04514"
"FCGR3A+ Macrophage cells","Natural killer cells","HLA-E","CD8B",0.000471897681859675,0,"HLA-E_CD8B","HLA-E - CD8B","MHC-I","Cell-Cell Contact","KEGG: hsa04514"
"Natural killer cells","Natural killer cells","HLA-E","CD8B",0.00397192870915233,0,"HLA-E_CD8B","HLA-E - CD8B","MHC-I","Cell-Cell Contact","KEGG: hsa04514"
"FCAR+ Macrophage cells","Natural killer cells","HLA-F","CD8B",0.0018464834184026,0,"HLA-F_CD8B","HLA-F - CD8B","MHC-I","Cell-Cell Contact","KEGG: hsa04514"
"FCGR3A+ Macrophage cells","Natural killer cells","HLA-F","CD8B",0.000206881814990238,0,"HLA-F_CD8B","HLA-F - CD8B","MHC-I","Cell-Cell Contact","KEGG: hsa04514"
"Natural killer cells","Natural killer cells","HLA-F","CD8B",0.00134379143062958,0,"HLA-F_CD8B","HLA-F - CD8B","MHC-I","Cell-Cell Contact","KEGG: hsa04514"
"FCGR3A+ Macrophage cells","FCAR+ Macrophage cells","HLA-C","KIR2DL3",0.00198508882839273,0,"HLA-C_KIR2DL3","HLA-C - KIR2DL3","MHC-I","Cell-Cell Contact","PMID: 28484462"
"FCAR+ Macrophage cells","FCGR3A+ Macrophage cells","HLA-C","KIR2DL3",0.00198508552380226,0,"HLA-C_KIR2DL3","HLA-C - KIR2DL3","MHC-I","Cell-Cell Contact","PMID: 28484462"
"FCGR3A+ Macrophage cells","FCGR3A+ Macrophage cells","HLA-C","KIR2DL3",0.000144266472129648,0,"HLA-C_KIR2DL3","HLA-C - KIR2DL3","MHC-I","Cell-Cell Contact","PMID: 28484462"
"Natural killer cells","FCGR3A+ Macrophage cells","HLA-C","KIR2DL3",0.00132851850361428,0,"HLA-C_KIR2DL3","HLA-C - KIR2DL3","MHC-I","Cell-Cell Contact","PMID: 28484462"
"FCGR3A+ Macrophage cells","Natural killer cells","HLA-C","KIR2DL3",0.00132856304294651,0,"HLA-C_KIR2DL3","HLA-C - KIR2DL3","MHC-I","Cell-Cell Contact","PMID: 28484462"
"Natural killer cells","Natural killer cells","HLA-C","KIR2DL3",0.0122266148205423,0.01,"HLA-C_KIR2DL3","HLA-C - KIR2DL3","MHC-I","Cell-Cell Contact","PMID: 28484462"
"FCAR+ Macrophage cells","Natural killer cells","HLA-E","KLRC1",0.00811525860442966,0,"HLA-E_KLRC1","HLA-E - KLRC1","MHC-I","Cell-Cell Contact","PMID: 24223577"
"FCGR3A+ Macrophage cells","Natural killer cells","HLA-E","KLRC1",0.000670211869078239,0,"HLA-E_KLRC1","HLA-E - KLRC1","MHC-I","Cell-Cell Contact","PMID: 24223577"
"Natural killer cells","Natural killer cells","HLA-E","KLRC1",0.00565358398626933,0,"HLA-E_KLRC1","HLA-E - KLRC1","MHC-I","Cell-Cell Contact","PMID: 24223577"
"FCAR+ Macrophage cells","FCAR+ Macrophage cells","HLA-F","LILRB1",0.0028282294813554,0,"HLA-F_LILRB1","HLA-F - LILRB1","MHC-I","Cell-Cell Contact","PMID: 28484462"
"FCGR3A+ Macrophage cells","FCAR+ Macrophage cells","HLA-F","LILRB1",0.000316877607716555,0,"HLA-F_LILRB1","HLA-F - LILRB1","MHC-I","Cell-Cell Contact","PMID: 28484462"
"Natural killer cells","FCAR+ Macrophage cells","HLA-F","LILRB1",0.00205826410517523,0,"HLA-F_LILRB1","HLA-F - LILRB1","MHC-I","Cell-Cell Contact","PMID: 28484462"
"FCAR+ Macrophage cells","FCGR3A+ Macrophage cells","HLA-F","LILRB1",0.000722798224298921,0,"HLA-F_LILRB1","HLA-F - LILRB1","MHC-I","Cell-Cell Contact","PMID: 28484462"
"FCGR3A+ Macrophage cells","FCGR3A+ Macrophage cells","HLA-F","LILRB1",7.9600232246805e-05,0,"HLA-F_LILRB1","HLA-F - LILRB1","MHC-I","Cell-Cell Contact","PMID: 28484462"
"Natural killer cells","FCGR3A+ Macrophage cells","HLA-F","LILRB1",0.000524551093619714,0,"HLA-F_LILRB1","HLA-F - LILRB1","MHC-I","Cell-Cell Contact","PMID: 28484462"
"FCAR+ Macrophage cells","Natural killer cells","HLA-E","KLRK1",0.00383092847838374,0,"HLA-E_KLRK1","HLA-E - KLRK1","MHC-I","Cell-Cell Contact","PMID: 28484462"
"FCGR3A+ Macrophage cells","Natural killer cells","HLA-E","KLRK1",0.00031805338517293,0,"HLA-E_KLRK1","HLA-E - KLRK1","MHC-I","Cell-Cell Contact","PMID: 28484462"
"Natural killer cells","Natural killer cells","HLA-E","KLRK1",0.00267246357871125,0,"HLA-E_KLRK1","HLA-E - KLRK1","MHC-I","Cell-Cell Contact","PMID: 28484462"
"FCAR+ Macrophage cells","Natural killer cells","HLA-E","CD94:NKG2A",0.0108968136563698,0,"HLA-E_CD94:NKG2A","HLA-E - CD94:NKG2A","MHC-I","Cell-Cell Contact","PMID: 28484462"
"FCGR3A+ Macrophage cells","Natural killer cells","HLA-E","CD94:NKG2A",0.000896873896563286,0,"HLA-E_CD94:NKG2A","HLA-E - CD94:NKG2A","MHC-I","Cell-Cell Contact","PMID: 28484462"
"Natural killer cells","Natural killer cells","HLA-E","CD94:NKG2A",0.00758474185789285,0,"HLA-E_CD94:NKG2A","HLA-E - CD94:NKG2A","MHC-I","Cell-Cell Contact","PMID: 28484462"
"FCAR+ Macrophage cells","FCAR+ Macrophage cells","HLA-DPA1","CD4",0.0179145502834012,0,"HLA-DPA1_CD4","HLA-DPA1 - CD4","MHC-II","Cell-Cell Contact","KEGG: hsa04514"
"FCGR3A+ Macrophage cells","FCAR+ Macrophage cells","HLA-DPA1","CD4",0.0019946964951324,0,"HLA-DPA1_CD4","HLA-DPA1 - CD4","MHC-II","Cell-Cell Contact","KEGG: hsa04514"
"FCAR+ Macrophage cells","FCGR3A+ Macrophage cells","HLA-DPA1","CD4",0.00155297880386115,0,"HLA-DPA1_CD4","HLA-DPA1 - CD4","MHC-II","Cell-Cell Contact","KEGG: hsa04514"
"FCGR3A+ Macrophage cells","FCGR3A+ Macrophage cells","HLA-DPA1","CD4",0.000170755477617481,0,"HLA-DPA1_CD4","HLA-DPA1 - CD4","MHC-II","Cell-Cell Contact","KEGG: hsa04514"
"FCAR+ Macrophage cells","FCAR+ Macrophage cells","HLA-DPB1","CD4",0.015610905844775,0,"HLA-DPB1_CD4","HLA-DPB1 - CD4","MHC-II","Cell-Cell Contact","KEGG: hsa04514"
"FCGR3A+ Macrophage cells","FCAR+ Macrophage cells","HLA-DPB1","CD4",0.00164523263807328,0,"HLA-DPB1_CD4","HLA-DPB1 - CD4","MHC-II","Cell-Cell Contact","KEGG: hsa04514"
"FCAR+ Macrophage cells","FCGR3A+ Macrophage cells","HLA-DPB1","CD4",0.00135643311640026,0,"HLA-DPB1_CD4","HLA-DPB1 - CD4","MHC-II","Cell-Cell Contact","KEGG: hsa04514"
"FCGR3A+ Macrophage cells","FCGR3A+ Macrophage cells","HLA-DPB1","CD4",0.00014159253741398,0,"HLA-DPB1_CD4","HLA-DPB1 - CD4","MHC-II","Cell-Cell Contact","KEGG: hsa04514"
"Natural killer cells","FCGR3A+ Macrophage cells","HLA-DPB1","CD4",0.000483884809314189,0,"HLA-DPB1_CD4","HLA-DPB1 - CD4","MHC-II","Cell-Cell Contact","KEGG: hsa04514"
"FCAR+ Macrophage cells","FCAR+ Macrophage cells","HLA-DQA1","CD4",0.00601661770432527,0,"HLA-DQA1_CD4","HLA-DQA1 - CD4","MHC-II","Cell-Cell Contact","KEGG: hsa04514"
"FCGR3A+ Macrophage cells","FCAR+ Macrophage cells","HLA-DQA1","CD4",0.000625513653687671,0,"HLA-DQA1_CD4","HLA-DQA1 - CD4","MHC-II","Cell-Cell Contact","KEGG: hsa04514"
"FCAR+ Macrophage cells","FCGR3A+ Macrophage cells","HLA-DQA1","CD4",0.000527906991351213,0,"HLA-DQA1_CD4","HLA-DQA1 - CD4","MHC-II","Cell-Cell Contact","KEGG: hsa04514"
"FCGR3A+ Macrophage cells","FCGR3A+ Macrophage cells","HLA-DQA1","CD4",5.46861048034661e-05,0,"HLA-DQA1_CD4","HLA-DQA1 - CD4","MHC-II","Cell-Cell Contact","KEGG: hsa04514"
"FCAR+ Macrophage cells","FCAR+ Macrophage cells","HLA-DMA","CD4",0.00846822220724592,0,"HLA-DMA_CD4","HLA-DMA - CD4","MHC-II","Cell-Cell Contact","KEGG: hsa04514"
"FCGR3A+ Macrophage cells","FCAR+ Macrophage cells","HLA-DMA","CD4",0.000554601727064661,0,"HLA-DMA_CD4","HLA-DMA - CD4","MHC-II","Cell-Cell Contact","KEGG: hsa04514"
"FCAR+ Macrophage cells","FCGR3A+ Macrophage cells","HLA-DMA","CD4",0.000741158718049225,0,"HLA-DMA_CD4","HLA-DMA - CD4","MHC-II","Cell-Cell Contact","KEGG: hsa04514"
"FCGR3A+ Macrophage cells","FCGR3A+ Macrophage cells","HLA-DMA","CD4",4.8540047131429e-05,0,"HLA-DMA_CD4","HLA-DMA - CD4","MHC-II","Cell-Cell Contact","KEGG: hsa04514"
"FCAR+ Macrophage cells","FCAR+ Macrophage cells","HLA-DMB","CD4",0.00240552227415156,0,"HLA-DMB_CD4","HLA-DMB - CD4","MHC-II","Cell-Cell Contact","KEGG: hsa04514"
"FCGR3A+ Macrophage cells","FCAR+ Macrophage cells","HLA-DMB","CD4",0.000157542725626097,0,"HLA-DMB_CD4","HLA-DMB - CD4","MHC-II","Cell-Cell Contact","KEGG: hsa04514"
"FCAR+ Macrophage cells","FCGR3A+ Macrophage cells","HLA-DMB","CD4",0.000211845379929381,0,"HLA-DMB_CD4","HLA-DMB - CD4","MHC-II","Cell-Cell Contact","KEGG: hsa04514"
"FCGR3A+ Macrophage cells","FCGR3A+ Macrophage cells","HLA-DMB","CD4",1.387420059419e-05,0,"HLA-DMB_CD4","HLA-DMB - CD4","MHC-II","Cell-Cell Contact","KEGG: hsa04514"
"FCAR+ Macrophage cells","FCAR+ Macrophage cells","HLA-DQA2","CD4",0.00240552227415156,0,"HLA-DQA2_CD4","HLA-DQA2 - CD4","MHC-II","Cell-Cell Contact","KEGG: hsa04514"
"FCGR3A+ Macrophage cells","FCAR+ Macrophage cells","HLA-DQA2","CD4",0.000157542725626097,0,"HLA-DQA2_CD4","HLA-DQA2 - CD4","MHC-II","Cell-Cell Contact","KEGG: hsa04514"
"FCAR+ Macrophage cells","FCGR3A+ Macrophage cells","HLA-DQA2","CD4",0.000211845379929381,0,"HLA-DQA2_CD4","HLA-DQA2 - CD4","MHC-II","Cell-Cell Contact","KEGG: hsa04514"
"FCGR3A+ Macrophage cells","FCGR3A+ Macrophage cells","HLA-DQA2","CD4",1.387420059419e-05,0,"HLA-DQA2_CD4","HLA-DQA2 - CD4","MHC-II","Cell-Cell Contact","KEGG: hsa04514"
"FCAR+ Macrophage cells","Natural killer cells","HLA-DQA2","CD4",0.000134707359006748,0,"HLA-DQA2_CD4","HLA-DQA2 - CD4","MHC-II","Cell-Cell Contact","KEGG: hsa04514"
"FCGR3A+ Macrophage cells","Natural killer cells","HLA-DQA2","CD4",8.8222689633175e-06,0,"HLA-DQA2_CD4","HLA-DQA2 - CD4","MHC-II","Cell-Cell Contact","KEGG: hsa04514"
"FCAR+ Macrophage cells","FCAR+ Macrophage cells","HLA-DQB1","CD4",0.00697128853102039,0,"HLA-DQB1_CD4","HLA-DQB1 - CD4","MHC-II","Cell-Cell Contact","KEGG: hsa04514"
"FCGR3A+ Macrophage cells","FCAR+ Macrophage cells","HLA-DQB1","CD4",0.000687607427600784,0,"HLA-DQB1_CD4","HLA-DQB1 - CD4","MHC-II","Cell-Cell Contact","KEGG: hsa04514"
"FCAR+ Macrophage cells","FCGR3A+ Macrophage cells","HLA-DQB1","CD4",0.00061107543822137,0,"HLA-DQB1_CD4","HLA-DQB1 - CD4","MHC-II","Cell-Cell Contact","KEGG: hsa04514"
"FCGR3A+ Macrophage cells","FCGR3A+ Macrophage cells","HLA-DQB1","CD4",6.00567667180886e-05,0,"HLA-DQB1_CD4","HLA-DQB1 - CD4","MHC-II","Cell-Cell Contact","KEGG: hsa04514"
"FCAR+ Macrophage cells","FCAR+ Macrophage cells","HLA-DRA","CD4",0.0325429613744549,0,"HLA-DRA_CD4","HLA-DRA - CD4","MHC-II","Cell-Cell Contact","KEGG: hsa04514"
"FCGR3A+ Macrophage cells","FCAR+ Macrophage cells","HLA-DRA","CD4",0.00231008490266066,0,"HLA-DRA_CD4","HLA-DRA - CD4","MHC-II","Cell-Cell Contact","KEGG: hsa04514"
"FCAR+ Macrophage cells","FCGR3A+ Macrophage cells","HLA-DRA","CD4",0.00278005365384487,0,"HLA-DRA_CD4","HLA-DRA - CD4","MHC-II","Cell-Cell Contact","KEGG: hsa04514"
"FCGR3A+ Macrophage cells","FCGR3A+ Macrophage cells","HLA-DRA","CD4",0.000196809849448613,0,"HLA-DRA_CD4","HLA-DRA - CD4","MHC-II","Cell-Cell Contact","KEGG: hsa04514"
"FCAR+ Macrophage cells","FCAR+ Macrophage cells","HLA-DRB1","CD4",0.0147492860173537,0,"HLA-DRB1_CD4","HLA-DRB1 - CD4","MHC-II","Cell-Cell Contact","KEGG: hsa04514"
"FCGR3A+ Macrophage cells","FCAR+ Macrophage cells","HLA-DRB1","CD4",0.0012287515658265,0,"HLA-DRB1_CD4","HLA-DRB1 - CD4","MHC-II","Cell-Cell Contact","KEGG: hsa04514"
"FCAR+ Macrophage cells","FCGR3A+ Macrophage cells","HLA-DRB1","CD4",0.00128268464289318,0,"HLA-DRB1_CD4","HLA-DRB1 - CD4","MHC-II","Cell-Cell Contact","KEGG: hsa04514"
"FCGR3A+ Macrophage cells","FCGR3A+ Macrophage cells","HLA-DRB1","CD4",0.000106427184542911,0,"HLA-DRB1_CD4","HLA-DRB1 - CD4","MHC-II","Cell-Cell Contact","KEGG: hsa04514"
"FCAR+ Macrophage cells","FCAR+ Macrophage cells","HLA-DRB5","CD4",0.00379688657771294,0,"HLA-DRB5_CD4","HLA-DRB5 - CD4","MHC-II","Cell-Cell Contact","KEGG: hsa04514"
"FCGR3A+ Macrophage cells","FCAR+ Macrophage cells","HLA-DRB5","CD4",0.000312863183935692,0,"HLA-DRB5_CD4","HLA-DRB5 - CD4","MHC-II","Cell-Cell Contact","KEGG: hsa04514"
"FCAR+ Macrophage cells","FCGR3A+ Macrophage cells","HLA-DRB5","CD4",0.00033390142503758,0,"HLA-DRB5_CD4","HLA-DRB5 - CD4","MHC-II","Cell-Cell Contact","KEGG: hsa04514"
"FCGR3A+ Macrophage cells","FCGR3A+ Macrophage cells","HLA-DRB5","CD4",2.74858753505806e-05,0,"HLA-DRB5_CD4","HLA-DRB5 - CD4","MHC-II","Cell-Cell Contact","KEGG: hsa04514"
"FCGR3A+ Macrophage cells","FCAR+ Macrophage cells","MPZL1","MPZL1",7.04942585009067e-10,0,"MPZL1_MPZL1","MPZL1 - MPZL1","MPZ","Cell-Cell Contact","KEGG: hsa04514"
"FCAR+ Macrophage cells","FCGR3A+ Macrophage cells","MPZL1","MPZL1",7.04942585009067e-10,0,"MPZL1_MPZL1","MPZL1 - MPZL1","MPZ","Cell-Cell Contact","KEGG: hsa04514"
"FCGR3A+ Macrophage cells","FCGR3A+ Macrophage cells","MPZL1","MPZL1",6.63343474399886e-11,0,"MPZL1_MPZL1","MPZL1 - MPZL1","MPZ","Cell-Cell Contact","KEGG: hsa04514"
"Natural killer cells","FCGR3A+ Macrophage cells","MPZL1","MPZL1",4.49556435854979e-10,0,"MPZL1_MPZL1","MPZL1 - MPZL1","MPZ","Cell-Cell Contact","KEGG: hsa04514"
"FCGR3A+ Macrophage cells","Natural killer cells","MPZL1","MPZL1",4.49556435854979e-10,0,"MPZL1_MPZL1","MPZL1 - MPZL1","MPZ","Cell-Cell Contact","KEGG: hsa04514"
"FCAR+ Macrophage cells","FCAR+ Macrophage cells","JAG1","NOTCH1",1.64129596270837e-09,0,"JAG1_NOTCH1","JAG1 - NOTCH1","NOTCH","Cell-Cell Contact","PMID: 22353464"
"FCGR3A+ Macrophage cells","FCAR+ Macrophage cells","JAG1","NOTCH1",1.0193056446631e-10,0,"JAG1_NOTCH1","JAG1 - NOTCH1","NOTCH","Cell-Cell Contact","PMID: 22353464"
"FCAR+ Macrophage cells","FCGR3A+ Macrophage cells","JAG1","NOTCH1",1.00957721855661e-10,0,"JAG1_NOTCH1","JAG1 - NOTCH1","NOTCH","Cell-Cell Contact","PMID: 22353464"
"FCGR3A+ Macrophage cells","FCGR3A+ Macrophage cells","JAG1","NOTCH1",6.26984883265192e-12,0,"JAG1_NOTCH1","JAG1 - NOTCH1","NOTCH","Cell-Cell Contact","PMID: 22353464"
"FCAR+ Macrophage cells","FCAR+ Macrophage cells","JAG1","NOTCH2",1.21312421723145e-06,0,"JAG1_NOTCH2","JAG1 - NOTCH2","NOTCH","Cell-Cell Contact","PMID: 22353464"
"FCGR3A+ Macrophage cells","FCAR+ Macrophage cells","JAG1","NOTCH2",7.53395255489848e-08,0,"JAG1_NOTCH2","JAG1 - NOTCH2","NOTCH","Cell-Cell Contact","PMID: 22353464"
"FCAR+ Macrophage cells","FCGR3A+ Macrophage cells","JAG1","NOTCH2",2.38348480770757e-07,0,"JAG1_NOTCH2","JAG1 - NOTCH2","NOTCH","Cell-Cell Contact","PMID: 22353464"
"FCGR3A+ Macrophage cells","FCGR3A+ Macrophage cells","JAG1","NOTCH2",1.48023325702246e-08,0,"JAG1_NOTCH2","JAG1 - NOTCH2","NOTCH","Cell-Cell Contact","PMID: 22353464"
"Natural killer cells","FCGR3A+ Macrophage cells","JAG1","NOTCH2",9.67709731600272e-08,0,"JAG1_NOTCH2","JAG1 - NOTCH2","NOTCH","Cell-Cell Contact","PMID: 22353464"
"FCAR+ Macrophage cells","FCAR+ Macrophage cells","JAG1","NOTCH3",5.75580840452973e-09,0,"JAG1_NOTCH3","JAG1 - NOTCH3","NOTCH","Cell-Cell Contact","PMID: 22353464"
"FCGR3A+ Macrophage cells","FCAR+ Macrophage cells","JAG1","NOTCH3",3.57457042076861e-10,0,"JAG1_NOTCH3","JAG1 - NOTCH3","NOTCH","Cell-Cell Contact","PMID: 22353464"
"FCAR+ Macrophage cells","FCGR3A+ Macrophage cells","JAG1","NOTCH3",3.58589708440992e-10,0,"JAG1_NOTCH3","JAG1 - NOTCH3","NOTCH","Cell-Cell Contact","PMID: 22353464"
"FCGR3A+ Macrophage cells","FCGR3A+ Macrophage cells","JAG1","NOTCH3",2.22697503954705e-11,0,"JAG1_NOTCH3","JAG1 - NOTCH3","NOTCH","Cell-Cell Contact","PMID: 22353464"
"FCAR+ Macrophage cells","FCAR+ Macrophage cells","OCLN","OCLN",7.01958227723422e-09,0,"OCLN_OCLN","OCLN - OCLN","OCLN","Cell-Cell Contact","KEGG: hsa04514"
"FCGR3A+ Macrophage cells","FCAR+ Macrophage cells","OCLN","OCLN",4.543490789262e-10,0,"OCLN_OCLN","OCLN - OCLN","OCLN","Cell-Cell Contact","KEGG: hsa04514"
"FCAR+ Macrophage cells","FCGR3A+ Macrophage cells","OCLN","OCLN",4.543490789262e-10,0,"OCLN_OCLN","OCLN - OCLN","OCLN","Cell-Cell Contact","KEGG: hsa04514"
"FCGR3A+ Macrophage cells","FCGR3A+ Macrophage cells","OCLN","OCLN",2.94081723623357e-11,0,"OCLN_OCLN","OCLN - OCLN","OCLN","Cell-Cell Contact","KEGG: hsa04514"
"FCAR+ Macrophage cells","FCAR+ Macrophage cells","PECAM1","PECAM1",0.00992484454704065,0,"PECAM1_PECAM1","PECAM1 - PECAM1","PECAM1","Cell-Cell Contact","KEGG: hsa04514"
"FCGR3A+ Macrophage cells","FCAR+ Macrophage cells","PECAM1","PECAM1",0.00142779587956613,0,"PECAM1_PECAM1","PECAM1 - PECAM1","PECAM1","Cell-Cell Contact","KEGG: hsa04514"
"FCAR+ Macrophage cells","FCGR3A+ Macrophage cells","PECAM1","PECAM1",0.00142779587956613,0,"PECAM1_PECAM1","PECAM1 - PECAM1","PECAM1","Cell-Cell Contact","KEGG: hsa04514"
"FCGR3A+ Macrophage cells","FCGR3A+ Macrophage cells","PECAM1","PECAM1",0.00019689226278427,0,"PECAM1_PECAM1","PECAM1 - PECAM1","PECAM1","Cell-Cell Contact","KEGG: hsa04514"
"FCAR+ Macrophage cells","FCAR+ Macrophage cells","SELPLG","SELL",0.00340844647714321,0,"SELPLG_SELL","SELPLG - SELL","SELPLG","Cell-Cell Contact","PMC2431087; PMID:  8892633,PMID:  8896607"
"FCGR3A+ Macrophage cells","FCAR+ Macrophage cells","SELPLG","SELL",0.000779966351809611,0,"SELPLG_SELL","SELPLG - SELL","SELPLG","Cell-Cell Contact","PMC2431087; PMID:  8892633,PMID:  8896607"
"FCAR+ Macrophage cells","FCAR+ Macrophage cells","SELPLG","SELP",0.000176698537315413,0,"SELPLG_SELP","SELPLG - SELP","SELPLG","Cell-Cell Contact","PMID: 19118202; PMID: 9829984"
"FCGR3A+ Macrophage cells","FCAR+ Macrophage cells","SELPLG","SELP",4.14305978072529e-05,0,"SELPLG_SELP","SELPLG - SELP","SELPLG","Cell-Cell Contact","PMID: 19118202; PMID: 9829984"
"FCAR+ Macrophage cells","FCGR3A+ Macrophage cells","SELPLG","SELP",4.14305978072529e-05,0,"SELPLG_SELP","SELPLG - SELP","SELPLG","Cell-Cell Contact","PMID: 19118202; PMID: 9829984"
"FCGR3A+ Macrophage cells","FCGR3A+ Macrophage cells","SELPLG","SELP",9.68061197188847e-06,0,"SELPLG_SELP","SELPLG - SELP","SELPLG","Cell-Cell Contact","PMID: 19118202; PMID: 9829984"
"FCAR+ Macrophage cells","FCAR+ Macrophage cells","SEMA4A","NRP1_PLXNA2",3.05205604688305e-06,0,"SEMA4A_NRP1_PLXNA2","SEMA4A - (NRP1+PLXNA2)","SEMA4","Cell-Cell Contact","PMID: 27533782"
"FCGR3A+ Macrophage cells","FCAR+ Macrophage cells","SEMA4A","NRP1_PLXNA2",1.99885585577942e-07,0,"SEMA4A_NRP1_PLXNA2","SEMA4A - (NRP1+PLXNA2)","SEMA4","Cell-Cell Contact","PMID: 27533782"
"FCAR+ Macrophage cells","FCGR3A+ Macrophage cells","SEMA4A","NRP1_PLXNA2",1.83081090428596e-07,0,"SEMA4A_NRP1_PLXNA2","SEMA4A - (NRP1+PLXNA2)","SEMA4","Cell-Cell Contact","PMID: 27533782"
"FCGR3A+ Macrophage cells","FCGR3A+ Macrophage cells","SEMA4A","NRP1_PLXNA2",1.19903666270944e-08,0,"SEMA4A_NRP1_PLXNA2","SEMA4A - (NRP1+PLXNA2)","SEMA4","Cell-Cell Contact","PMID: 27533782"
"FCAR+ Macrophage cells","Natural killer cells","SEMA4A","NRP1_PLXNA2",1.5232926861595e-06,0,"SEMA4A_NRP1_PLXNA2","SEMA4A - (NRP1+PLXNA2)","SEMA4","Cell-Cell Contact","PMID: 27533782"
"FCGR3A+ Macrophage cells","Natural killer cells","SEMA4A","NRP1_PLXNA2",9.97636497830849e-08,0,"SEMA4A_NRP1_PLXNA2","SEMA4A - (NRP1+PLXNA2)","SEMA4","Cell-Cell Contact","PMID: 27533782"
"FCAR+ Macrophage cells","FCAR+ Macrophage cells","SEMA4A","PLXNB1",3.84407898803496e-05,0,"SEMA4A_PLXNB1","SEMA4A - PLXNB1","SEMA4","Cell-Cell Contact","PMID: 27533782"
"FCGR3A+ Macrophage cells","FCAR+ Macrophage cells","SEMA4A","PLXNB1",2.5175683792437e-06,0,"SEMA4A_PLXNB1","SEMA4A - PLXNB1","SEMA4","Cell-Cell Contact","PMID: 27533782"
"FCAR+ Macrophage cells","FCGR3A+ Macrophage cells","SEMA4A","PLXNB1",2.51280469967176e-06,0,"SEMA4A_PLXNB1","SEMA4A - PLXNB1","SEMA4","Cell-Cell Contact","PMID: 27533782"
"FCGR3A+ Macrophage cells","FCGR3A+ Macrophage cells","SEMA4A","PLXNB1",1.64568877871639e-07,0,"SEMA4A_PLXNB1","SEMA4A - PLXNB1","SEMA4","Cell-Cell Contact","PMID: 27533782"
"FCAR+ Macrophage cells","Natural killer cells","SEMA4A","PLXNB1",2.48787724837337e-05,0,"SEMA4A_PLXNB1","SEMA4A - PLXNB1","SEMA4","Cell-Cell Contact","PMID: 27533782"
"FCGR3A+ Macrophage cells","Natural killer cells","SEMA4A","PLXNB1",1.62936326528149e-06,0,"SEMA4A_PLXNB1","SEMA4A - PLXNB1","SEMA4","Cell-Cell Contact","PMID: 27533782"
"FCAR+ Macrophage cells","FCAR+ Macrophage cells","SEMA4A","PLXNB2",0.000457164997586219,0,"SEMA4A_PLXNB2","SEMA4A - PLXNB2","SEMA4","Cell-Cell Contact","PMID: 27533782"
"FCGR3A+ Macrophage cells","FCAR+ Macrophage cells","SEMA4A","PLXNB2",2.99406995954689e-05,0,"SEMA4A_PLXNB2","SEMA4A - PLXNB2","SEMA4","Cell-Cell Contact","PMID: 27533782"
"FCAR+ Macrophage cells","FCGR3A+ Macrophage cells","SEMA4A","PLXNB2",0.00010695217502632,0,"SEMA4A_PLXNB2","SEMA4A - PLXNB2","SEMA4","Cell-Cell Contact","PMID: 27533782"
"FCGR3A+ Macrophage cells","FCGR3A+ Macrophage cells","SEMA4A","PLXNB2",7.0045234443854e-06,0,"SEMA4A_PLXNB2","SEMA4A - PLXNB2","SEMA4","Cell-Cell Contact","PMID: 27533782"
"FCAR+ Macrophage cells","Natural killer cells","SEMA4A","PLXNB2",2.33646839183768e-08,0,"SEMA4A_PLXNB2","SEMA4A - PLXNB2","SEMA4","Cell-Cell Contact","PMID: 27533782"
"FCGR3A+ Macrophage cells","Natural killer cells","SEMA4A","PLXNB2",1.53020241277608e-09,0,"SEMA4A_PLXNB2","SEMA4A - PLXNB2","SEMA4","Cell-Cell Contact","PMID: 27533782"
"FCAR+ Macrophage cells","FCAR+ Macrophage cells","SEMA4D","PLXNB1",2.01502696929036e-05,0,"SEMA4D_PLXNB1","SEMA4D - PLXNB1","SEMA4","Cell-Cell Contact","PMID: 27533782"
"FCGR3A+ Macrophage cells","FCAR+ Macrophage cells","SEMA4D","PLXNB1",1.31957076534332e-06,0,"SEMA4D_PLXNB1","SEMA4D - PLXNB1","SEMA4","Cell-Cell Contact","PMID: 27533782"
"Natural killer cells","FCAR+ Macrophage cells","SEMA4D","PLXNB1",1.31503488019182e-05,0,"SEMA4D_PLXNB1","SEMA4D - PLXNB1","SEMA4","Cell-Cell Contact","PMID: 27533782"
"FCAR+ Macrophage cells","FCAR+ Macrophage cells","SEMA4D","PLXNB2",0.000239782303943266,0,"SEMA4D_PLXNB2","SEMA4D - PLXNB2","SEMA4","Cell-Cell Contact","PMID: 27533782"
"FCGR3A+ Macrophage cells","FCAR+ Macrophage cells","SEMA4D","PLXNB2",1.57025062545437e-05,0,"SEMA4D_PLXNB2","SEMA4D - PLXNB2","SEMA4","Cell-Cell Contact","PMID: 27533782"
"Natural killer cells","FCAR+ Macrophage cells","SEMA4D","PLXNB2",0.000156485337532221,0,"SEMA4D_PLXNB2","SEMA4D - PLXNB2","SEMA4","Cell-Cell Contact","PMID: 27533782"
"FCAR+ Macrophage cells","FCGR3A+ Macrophage cells","SEMA4D","PLXNB2",5.61891378026186e-05,0,"SEMA4D_PLXNB2","SEMA4D - PLXNB2","SEMA4","Cell-Cell Contact","PMID: 27533782"
"FCGR3A+ Macrophage cells","FCGR3A+ Macrophage cells","SEMA4D","PLXNB2",3.67963111138745e-06,0,"SEMA4D_PLXNB2","SEMA4D - PLXNB2","SEMA4","Cell-Cell Contact","PMID: 27533782"
"Natural killer cells","FCGR3A+ Macrophage cells","SEMA4D","PLXNB2",3.6669856335167e-05,0,"SEMA4D_PLXNB2","SEMA4D - PLXNB2","SEMA4","Cell-Cell Contact","PMID: 27533782"
